{"start_time":1700075173591,"start_price":0.3775,"orders":[{"buy_price":0.3782,"sell_price":0.37923429999999997,"sl_price":0.3758314,"sold_price":0,"status":"bought","profit":0,"buy_fee":0.004992239999999999,"sell_fee":0,"id":4184761006,"amount":13.1868},{"buy_price":0.3776,"sell_price":0.3786325,"sl_price":0.375235,"sold_price":0,"status":"bought","profit":0,"buy_fee":0.004983,"sell_fee":0,"id":4184767255,"amount":13.1868},{"buy_price":0.3775,"sell_price":0.37853220000000004,"sl_price":0.3751356,"sold_price":0,"status":"bought","profit":0,"buy_fee":0.004983,"sell_fee":0,"id":4184770883,"amount":13.1868}],"profits":0.15210399000000036,"sl_losses":0.15210399000000036,"withdrawal_profits":0,"fees":0.14447241999999996,"entry_price":0.3754,"ada_balance":39.947815,"usdt_balance":11.23814976,"initial_ada_balance":0,"initial_usdt_balance":26.23111973,"percent":"-0.190"}